dimension,knn,knn_std,train_total_loss,train_total_loss_std,test_total_loss,test_total_loss_std,test_reconstruction,test_reconstruction_std,test_kl,test_kl_std
1,0.38011695906432746,0.038411241211604503,0.8289773861567179,0.004327825796167951,0.868539015452067,0.010724228693785861,0.8648818333943685,0.01066269432784842,9.133957227071127,0.7762110128396755
2,0.6766917293233083,0.017484084825778047,0.7086697220802307,0.005874931686201372,0.7598674893379211,0.0147500428786693,0.7564339637756348,0.014731662454104861,8.575324376424154,0.34340723391526085
4,0.8529657477025898,0.009227536355210767,0.5855400760968527,0.004661984476791756,0.6292561292648315,0.009268337407497017,0.6264975269635519,0.009321457943520326,6.889736652374268,0.283087460016628
8,0.9231411862990809,0.00827025475071988,0.4681156873703003,0.0005278525931430938,0.5131535132726034,0.0021513514057292485,0.5107482473055521,0.0021713480787283095,6.007228851318359,0.08085256048723391
9,0.9197994987468672,0.0035443948931656,0.4487919807434082,0.0002058179066534,0.4970015585422516,0.0019032644723176,0.4945812225341797,0.0019910282033795,6.044882138570149,0.2645714406428404
10,0.9172932330827068,0.0073782463377843,0.4283300439516703,0.0026028377039041,0.4735286732514699,0.0031657055943831,0.4710823098818461,0.0032523177223622,6.109892050425212,0.2480676796444664
16,0.9223057644110275,0.0,0.3276734749476115,0.004398584233270599,0.3676433165868123,0.00614049774318663,0.3652477065722148,0.0061371350696315975,5.983143965403239,0.01957976891918004
32,0.9532163742690059,0.007747383872594589,0.16782439251740774,0.0014809547554292164,0.19217519958813986,0.0013118238740227012,0.19009463985761008,0.0013172606383460728,5.196272532145183,0.023889715638651093
63,0.9573934837092732,0.0020463573456835,0.0214791446924209,0.0001793214460069,0.0060013543503979,9.332194650721124e-05,0.0028327280500282,0.0001136211722555,7.9137678146362305,0.051583869289711
